Is Holiday,CPI,Weekly_Sales
Holiday,172.4267008547012,"$913,784.66"
No Holiday,172.4637635327647,"$883,569.08"
