Holiday Name,CPI,Weekly_Sales
Christmas,170.32769219037044,"$1,240,046.39"
Independence Day,171.69728490444442,"$1,088,976.41"
New Year's Day,171.3459474944446,"$974,593.06"
No Holiday,171.59887085940753,"$1,035,677.56"
Thanksgiving Day,170.97558284666673,"$1,471,273.43"
