Holiday Name,CPI,Weekly_Sales
Christmas,171.9996111111111,"$930,035.53"
Independence Day,171.6971111111113,"$1,088,976.41"
New Year,173.27222222222198,"$649,860.81"
No Holiday,172.4637635327647,"$883,569.08"
Thanksgiving,172.88022222222224,"$980,848.95"
