Is Holiday,CPI,Weekly_Sales
Holiday,171.0717991966664,"$1,187,880.13"
No Holiday,171.59887085940753,"$1,035,677.56"
